code;spanish;english
lan;Español;English
lbl00;Idioma;Language
ttl00;Luciano Hernández | Ingeniero Civil Industrial, Full Stack Developer e Ingeniero de IA;Luciano Hernández | Industrial Engineer, Full Stack Developer & AI Engineer
stt04;Sobre mí;About me
prg00;Ingeniero Civil Industrial, Desarrollador Full Stack e Ingeniero de IA. Especialista en React, Node.js y Análisis de Datos.;Industrial Engineer, Full Stack Developer & AI Engineer. Specialist in React, Node.js and data analysis.
stt00;Enlaces;Links
stt01;Tecnologías;Technologies
btn00;Mostrar Todo;Show All
btn01;Ocultar Todo;Hide All
stt02;Proyectos;Projects
hdr00;Proyecto;Project
hdr01;Repositorio;Repository
hdr02;Tecnología utilizada;Used technology
hdr02_p;Tecnologías utilizadas;Used technologies
hdr03;Sitio Web;Web Site
hdr03_d;Descargar;Download
hdr04;Categoría;Category
hdr04_p;Categorías;Categories
ttl01;Proyectos hechos con {0};Projects made with {0}
stt03;Tipos de Proyectos;Types of Projects
ttl02;Proyectos de {0};{0} Projects
stt05;Formulario de contacto;Contact form
frm00;Nombre;Name
frm01;Empresa;Company
frm02;Correo electrónico;Email
frm03;Teléfono;Phone
frm04;Mensaje;Message
frm05;Enviar;Send